Timestamp(ms),Source,Destination, Length(Mb)
0,Abidjan,Al-Iskandariyah-(Alexandria),0.08695874307204672
0,Abidjan,Al-Qahirah-(Cairo),0.2512052233254767
0,Abidjan,Ankara,1.0503184991747856
0,Abidjan,Baghdad,1.0073468324165573
0,Abidjan,Chukyo-M.M.A.-(Nagoya),0.16554243756605713
0,Abidjan,Haerbin,0.975008813487377
0,Abidjan,Istanbul,0.7577025335183875
0,Abidjan,Lagos,0.5812487371801258
0,Abidjan,Shenyang,0.17818826201648186
0,Abidjan,Tehran,0.2970229301216751
0,Abidjan,Tokyo,0.6116020717033402
0,Al-Iskandariyah-(Alexandria),Abidjan,0.8891411217918743
0,Al-Iskandariyah-(Alexandria),Al-Qahirah-(Cairo),0.16880581060500446
0,Al-Iskandariyah-(Alexandria),Ankara,0.023013954846514712
0,Al-Iskandariyah-(Alexandria),Baghdad,0.19594500171638077
0,Al-Iskandariyah-(Alexandria),Chukyo-M.M.A.-(Nagoya),1.004224976311275
0,Al-Iskandariyah-(Alexandria),Haerbin,0.45098635046806435
0,Al-Iskandariyah-(Alexandria),Istanbul,0.10309225390656347
0,Al-Iskandariyah-(Alexandria),Lagos,0.3725565282012252
0,Al-Iskandariyah-(Alexandria),Shenyang,0.8340848097391639
0,Al-Iskandariyah-(Alexandria),Tehran,0.24325863241453888
0,Al-Iskandariyah-(Alexandria),Tokyo,0.44720409590067983
0,Al-Qahirah-(Cairo),Abidjan,0.2616089875383681
0,Al-Qahirah-(Cairo),Al-Iskandariyah-(Alexandria),0.92100292189177
0,Al-Qahirah-(Cairo),Ankara,0.43244173377873013
0,Al-Qahirah-(Cairo),Baghdad,0.7223026669031255
0,Al-Qahirah-(Cairo),Chukyo-M.M.A.-(Nagoya),0.5545652496335928
0,Al-Qahirah-(Cairo),Haerbin,0.3640956292075126
0,Al-Qahirah-(Cairo),Istanbul,0.43656950014183826
0,Al-Qahirah-(Cairo),Lagos,0.5120137440660728
0,Al-Qahirah-(Cairo),Shenyang,1.0220569273596707
0,Al-Qahirah-(Cairo),Tehran,0.7792305827827831
0,Al-Qahirah-(Cairo),Tokyo,0.42103352768148494
0,Ankara,Abidjan,0.6476337276702101
0,Ankara,Al-Iskandariyah-(Alexandria),0.007167811925295526
0,Ankara,Al-Qahirah-(Cairo),0.44874531395568584
0,Ankara,Baghdad,0.6768480717394362
0,Ankara,Chukyo-M.M.A.-(Nagoya),0.7357124062090111
0,Ankara,Haerbin,0.7263827976194298
0,Ankara,Istanbul,0.45717563510945425
0,Ankara,Lagos,0.3236193975419708
0,Ankara,Shenyang,0.3092791959216756
0,Ankara,Tehran,0.23309640801810352
0,Ankara,Tokyo,0.23466118881442652
0,Baghdad,Abidjan,0.5178395956391562
0,Baghdad,Al-Iskandariyah-(Alexandria),0.39121540453045706
0,Baghdad,Al-Qahirah-(Cairo),0.084538142280182
0,Baghdad,Ankara,0.6797047274242987
0,Baghdad,Chukyo-M.M.A.-(Nagoya),0.3607748545253107
0,Baghdad,Haerbin,0.3227775605148947
0,Baghdad,Istanbul,0.6230022849804727
0,Baghdad,Lagos,0.6136258647326889
0,Baghdad,Shenyang,0.22772805370314067
0,Baghdad,Tehran,0.45776673713971244
0,Baghdad,Tokyo,0.911017343419728
0,Chukyo-M.M.A.-(Nagoya),Abidjan,0.9010509520770988
0,Chukyo-M.M.A.-(Nagoya),Al-Iskandariyah-(Alexandria),0.2381938072714622
0,Chukyo-M.M.A.-(Nagoya),Al-Qahirah-(Cairo),1.0522600025546403
0,Chukyo-M.M.A.-(Nagoya),Ankara,0.9677061865217363
0,Chukyo-M.M.A.-(Nagoya),Baghdad,0.5023138097775862
0,Chukyo-M.M.A.-(Nagoya),Haerbin,0.6290672665470165
0,Chukyo-M.M.A.-(Nagoya),Istanbul,0.6960069912529323
0,Chukyo-M.M.A.-(Nagoya),Lagos,0.720193528243167
0,Chukyo-M.M.A.-(Nagoya),Shenyang,0.6173701593549897
0,Chukyo-M.M.A.-(Nagoya),Tehran,0.11616666260934207
0,Chukyo-M.M.A.-(Nagoya),Tokyo,1.0045275798777342
0,Haerbin,Abidjan,1.025001129435659
0,Haerbin,Al-Iskandariyah-(Alexandria),0.4221413433448212
0,Haerbin,Al-Qahirah-(Cairo),0.29214231814440367
0,Haerbin,Ankara,0.1659990494451012
0,Haerbin,Baghdad,0.009701937300664093
0,Haerbin,Chukyo-M.M.A.-(Nagoya),0.197945207637246
0,Haerbin,Istanbul,0.026645781467174452
0,Haerbin,Lagos,0.18042159031616492
0,Haerbin,Shenyang,0.8043217379804469
0,Haerbin,Tehran,0.9682734639653806
0,Haerbin,Tokyo,0.27346047042553784
0,Istanbul,Abidjan,0.30413752553650975
0,Istanbul,Al-Iskandariyah-(Alexandria),0.6333673983165794
0,Istanbul,Al-Qahirah-(Cairo),0.7497751557441612
0,Istanbul,Ankara,0.37999561803284654
0,Istanbul,Baghdad,0.5184629520078027
0,Istanbul,Chukyo-M.M.A.-(Nagoya),0.47149630451443875
0,Istanbul,Haerbin,0.8327733816026445
0,Istanbul,Lagos,0.7799890938240324
0,Istanbul,Shenyang,0.29609588728696623
0,Istanbul,Tehran,0.1427607303281491
0,Istanbul,Tokyo,1.0453313763444263
0,Lagos,Abidjan,0.6353070588566753
0,Lagos,Al-Iskandariyah-(Alexandria),0.2061385430833969
0,Lagos,Al-Qahirah-(Cairo),0.9037008620966308
0,Lagos,Ankara,0.422425901058238
0,Lagos,Baghdad,0.7424489531965308
0,Lagos,Chukyo-M.M.A.-(Nagoya),0.6046851560868902
0,Lagos,Haerbin,0.9996421101263273
0,Lagos,Istanbul,0.010510580822234973
0,Lagos,Shenyang,0.7912488009174716
0,Lagos,Tehran,0.8484533107056048
0,Lagos,Tokyo,0.608799728763372
0,Shenyang,Abidjan,0.2662741102678527
0,Shenyang,Al-Iskandariyah-(Alexandria),0.9396312811897142
0,Shenyang,Al-Qahirah-(Cairo),0.9470671591992
0,Shenyang,Ankara,1.069042882602487
0,Shenyang,Baghdad,0.24928035218697916
0,Shenyang,Chukyo-M.M.A.-(Nagoya),0.01650211704883775
0,Shenyang,Haerbin,0.8125780523342194
0,Shenyang,Istanbul,0.7669543025525796
0,Shenyang,Lagos,0.6200461703245874
0,Shenyang,Tehran,0.7192510407282533
0,Shenyang,Tokyo,0.8662809578714611
0,Tehran,Abidjan,0.10919629437767982
0,Tehran,Al-Iskandariyah-(Alexandria),0.49460473820549306
0,Tehran,Al-Qahirah-(Cairo),0.6967112752407956
0,Tehran,Ankara,0.1067948949454312
0,Tehran,Baghdad,0.6277081366994344
0,Tehran,Chukyo-M.M.A.-(Nagoya),0.8349715797979491
0,Tehran,Haerbin,0.6859363481735877
0,Tehran,Istanbul,0.28860828116716747
0,Tehran,Lagos,0.4127857649643457
0,Tehran,Shenyang,0.6284399469481385
0,Tehran,Tokyo,0.48588714236262803
0,Tokyo,Abidjan,0.12195261083933324
0,Tokyo,Al-Iskandariyah-(Alexandria),0.6430342957439226
0,Tokyo,Al-Qahirah-(Cairo),0.6552442679471069
0,Tokyo,Ankara,0.27680617053983814
0,Tokyo,Baghdad,0.1561942146049154
0,Tokyo,Chukyo-M.M.A.-(Nagoya),0.4239212022680864
0,Tokyo,Haerbin,0.20242097396899877
0,Tokyo,Istanbul,0.14777889829351826
0,Tokyo,Lagos,0.5916730174916152
0,Tokyo,Shenyang,0.9739036366545877
0,Tokyo,Tehran,0.6400247010978959
1000,Abidjan,Al-Iskandariyah-(Alexandria),0.44092995210790376
1000,Abidjan,Al-Qahirah-(Cairo),0.7964565336947946
1000,Abidjan,Ankara,0.6381795033460644
1000,Abidjan,Baghdad,0.050835035723501024
1000,Abidjan,Chukyo-M.M.A.-(Nagoya),0.99584476950538
1000,Abidjan,Haerbin,0.17106087446906984
1000,Abidjan,Istanbul,0.5435723345655092
1000,Abidjan,Lagos,0.10111038007713426
1000,Abidjan,Shenyang,0.576238973779473
1000,Abidjan,Tehran,0.8442014678950202
1000,Abidjan,Tokyo,0.7460818426182797
1000,Al-Iskandariyah-(Alexandria),Abidjan,0.5101232684920648
1000,Al-Iskandariyah-(Alexandria),Al-Qahirah-(Cairo),0.14600932036976993
1000,Al-Iskandariyah-(Alexandria),Ankara,0.9323949561162056
1000,Al-Iskandariyah-(Alexandria),Baghdad,1.03604900328754
1000,Al-Iskandariyah-(Alexandria),Chukyo-M.M.A.-(Nagoya),0.9392477802368546
1000,Al-Iskandariyah-(Alexandria),Haerbin,0.5687895313689927
1000,Al-Iskandariyah-(Alexandria),Istanbul,0.36002398393201523
1000,Al-Iskandariyah-(Alexandria),Lagos,0.1314145628384765
1000,Al-Iskandariyah-(Alexandria),Shenyang,0.4261334759911053
1000,Al-Iskandariyah-(Alexandria),Tehran,0.4255692236482979
1000,Al-Iskandariyah-(Alexandria),Tokyo,0.4648949545096164
1000,Al-Qahirah-(Cairo),Abidjan,0.731624437561196
1000,Al-Qahirah-(Cairo),Al-Iskandariyah-(Alexandria),0.7921643027729346
1000,Al-Qahirah-(Cairo),Ankara,0.15630076577534294
1000,Al-Qahirah-(Cairo),Baghdad,0.686582349943473
1000,Al-Qahirah-(Cairo),Chukyo-M.M.A.-(Nagoya),0.9157752823505464
1000,Al-Qahirah-(Cairo),Haerbin,0.404825067718686
1000,Al-Qahirah-(Cairo),Istanbul,0.6086118497543087
1000,Al-Qahirah-(Cairo),Lagos,0.6549417476516661
1000,Al-Qahirah-(Cairo),Shenyang,0.4186504720218399
1000,Al-Qahirah-(Cairo),Tehran,0.3934184023569287
1000,Al-Qahirah-(Cairo),Tokyo,0.4892741349911194
1000,Ankara,Abidjan,0.4498596118699864
1000,Ankara,Al-Iskandariyah-(Alexandria),0.369596628021194
1000,Ankara,Al-Qahirah-(Cairo),0.10531670576930326
1000,Ankara,Baghdad,0.9665861016940226
1000,Ankara,Chukyo-M.M.A.-(Nagoya),0.10831319741821559
1000,Ankara,Haerbin,0.4711900354578645
1000,Ankara,Istanbul,0.8504589051126134
1000,Ankara,Lagos,0.15221941975831738
1000,Ankara,Shenyang,1.0400174672143272
1000,Ankara,Tehran,0.049480722946874896
1000,Ankara,Tokyo,0.29352095090313035
1000,Baghdad,Abidjan,0.5491292708728349
1000,Baghdad,Al-Iskandariyah-(Alexandria),0.12030839038647675
1000,Baghdad,Al-Qahirah-(Cairo),0.8649460697068456
1000,Baghdad,Ankara,1.0527250917252113
1000,Baghdad,Chukyo-M.M.A.-(Nagoya),0.4247913632730262
1000,Baghdad,Haerbin,0.6217732991811383
1000,Baghdad,Istanbul,0.34397475613477735
1000,Baghdad,Lagos,0.2064364301495529
1000,Baghdad,Shenyang,1.0339546493756169
1000,Baghdad,Tehran,1.0056896388843461
1000,Baghdad,Tokyo,0.02658700947069378
1000,Chukyo-M.M.A.-(Nagoya),Abidjan,0.8974720897506479
1000,Chukyo-M.M.A.-(Nagoya),Al-Iskandariyah-(Alexandria),0.20128727035988966
1000,Chukyo-M.M.A.-(Nagoya),Al-Qahirah-(Cairo),0.544814618601709
1000,Chukyo-M.M.A.-(Nagoya),Ankara,0.03525612119514999
1000,Chukyo-M.M.A.-(Nagoya),Baghdad,0.03902666718045603
1000,Chukyo-M.M.A.-(Nagoya),Haerbin,0.36528183005698694
1000,Chukyo-M.M.A.-(Nagoya),Istanbul,0.5493541252508125
1000,Chukyo-M.M.A.-(Nagoya),Lagos,0.9549584706074417
1000,Chukyo-M.M.A.-(Nagoya),Shenyang,0.12010426393004628
1000,Chukyo-M.M.A.-(Nagoya),Tehran,0.011642282474613993
1000,Chukyo-M.M.A.-(Nagoya),Tokyo,0.1469042726215987
1000,Haerbin,Abidjan,0.6530697593184984
1000,Haerbin,Al-Iskandariyah-(Alexandria),0.38777339567415564
1000,Haerbin,Al-Qahirah-(Cairo),1.004953920947507
1000,Haerbin,Ankara,0.10840661836299721
1000,Haerbin,Baghdad,0.9455623609180979
1000,Haerbin,Chukyo-M.M.A.-(Nagoya),0.1319973556623131
1000,Haerbin,Istanbul,0.21067638284694384
1000,Haerbin,Lagos,0.9335507830482829
1000,Haerbin,Shenyang,0.41647788862905155
1000,Haerbin,Tehran,1.0714354682887415
1000,Haerbin,Tokyo,0.5510799894283379
1000,Istanbul,Abidjan,0.2524705230134127
1000,Istanbul,Al-Iskandariyah-(Alexandria),0.2738755281222065
1000,Istanbul,Al-Qahirah-(Cairo),1.0449671175458162
1000,Istanbul,Ankara,0.19700430825669232
1000,Istanbul,Baghdad,0.8077870984107799
1000,Istanbul,Chukyo-M.M.A.-(Nagoya),0.35403593889269214
1000,Istanbul,Haerbin,0.6308470069039412
1000,Istanbul,Lagos,0.1513177159314135
1000,Istanbul,Shenyang,0.8059342793278821
1000,Istanbul,Tehran,0.3895466975703368
1000,Istanbul,Tokyo,0.9157982870622098
1000,Lagos,Abidjan,0.09042802465975461
1000,Lagos,Al-Iskandariyah-(Alexandria),0.7801067332781049
1000,Lagos,Al-Qahirah-(Cairo),0.6623782930203179
1000,Lagos,Ankara,0.000574498701174471
1000,Lagos,Baghdad,0.8173672497122645
1000,Lagos,Chukyo-M.M.A.-(Nagoya),0.6103434745830165
1000,Lagos,Haerbin,0.8780112311678006
1000,Lagos,Istanbul,1.0030714447850537
1000,Lagos,Shenyang,0.44286875725246494
1000,Lagos,Tehran,0.27986270672854
1000,Lagos,Tokyo,0.8793544969015995
1000,Shenyang,Abidjan,0.30921917789322045
1000,Shenyang,Al-Iskandariyah-(Alexandria),0.30510709896553107
1000,Shenyang,Al-Qahirah-(Cairo),0.046811664943040156
1000,Shenyang,Ankara,0.1329068065639633
1000,Shenyang,Baghdad,0.6790575218024841
1000,Shenyang,Chukyo-M.M.A.-(Nagoya),0.40422082661616293
1000,Shenyang,Haerbin,0.4814387328262534
1000,Shenyang,Istanbul,1.0195209611158322
1000,Shenyang,Lagos,0.5245846474884673
1000,Shenyang,Tehran,0.08406459365068697
1000,Shenyang,Tokyo,0.8483130948014801
1000,Tehran,Abidjan,0.17974788048775256
1000,Tehran,Al-Iskandariyah-(Alexandria),0.37617622521002214
1000,Tehran,Al-Qahirah-(Cairo),1.0552739538846898
1000,Tehran,Ankara,0.24837365104186465
1000,Tehran,Baghdad,0.42984931179585706
1000,Tehran,Chukyo-M.M.A.-(Nagoya),0.4662493909232837
1000,Tehran,Haerbin,0.9930529210782983
1000,Tehran,Istanbul,0.6442397198611924
1000,Tehran,Lagos,0.9754546485538715
1000,Tehran,Shenyang,0.6932582021737771
1000,Tehran,Tokyo,0.6624165307303319
1000,Tokyo,Abidjan,0.01434877353120986
1000,Tokyo,Al-Iskandariyah-(Alexandria),0.05431832909129989
1000,Tokyo,Al-Qahirah-(Cairo),0.4158824606461828
1000,Tokyo,Ankara,0.4175089351568563
1000,Tokyo,Baghdad,0.4017753864607839
1000,Tokyo,Chukyo-M.M.A.-(Nagoya),0.2499663360478767
1000,Tokyo,Haerbin,0.15491087243066906
1000,Tokyo,Istanbul,0.2192528114339584
1000,Tokyo,Lagos,0.46923802821117716
1000,Tokyo,Shenyang,0.9764076769431446
1000,Tokyo,Tehran,0.824090906882838
2000,Abidjan,Al-Iskandariyah-(Alexandria),0.6692082805789382
2000,Abidjan,Al-Qahirah-(Cairo),0.6442596865904322
2000,Abidjan,Ankara,0.77202560139834
2000,Abidjan,Baghdad,0.0561146112224744
2000,Abidjan,Chukyo-M.M.A.-(Nagoya),1.0454886726993917
2000,Abidjan,Haerbin,0.6769426623084526
2000,Abidjan,Istanbul,0.257868793455833
2000,Abidjan,Lagos,0.16393627338672245
2000,Abidjan,Shenyang,0.2392628490207824
2000,Abidjan,Tehran,0.13025268606130347
2000,Abidjan,Tokyo,0.8114124905277652
2000,Al-Iskandariyah-(Alexandria),Abidjan,0.1722063045483025
2000,Al-Iskandariyah-(Alexandria),Al-Qahirah-(Cairo),0.8391000838064281
2000,Al-Iskandariyah-(Alexandria),Ankara,0.8760447994436709
2000,Al-Iskandariyah-(Alexandria),Baghdad,0.5272996553625705
2000,Al-Iskandariyah-(Alexandria),Chukyo-M.M.A.-(Nagoya),0.6502779009553301
2000,Al-Iskandariyah-(Alexandria),Haerbin,0.9872426481199419
2000,Al-Iskandariyah-(Alexandria),Istanbul,0.19780855661110863
2000,Al-Iskandariyah-(Alexandria),Lagos,0.1767657464986041
2000,Al-Iskandariyah-(Alexandria),Shenyang,0.7073236945414402
2000,Al-Iskandariyah-(Alexandria),Tehran,0.593111220294665
2000,Al-Iskandariyah-(Alexandria),Tokyo,0.43553663545012217
2000,Al-Qahirah-(Cairo),Abidjan,0.010124726179407031
2000,Al-Qahirah-(Cairo),Al-Iskandariyah-(Alexandria),0.19694334408339062
2000,Al-Qahirah-(Cairo),Ankara,0.6536504207147582
2000,Al-Qahirah-(Cairo),Baghdad,0.2278490235623435
2000,Al-Qahirah-(Cairo),Chukyo-M.M.A.-(Nagoya),0.5718021995057001
2000,Al-Qahirah-(Cairo),Haerbin,0.3214386668198014
2000,Al-Qahirah-(Cairo),Istanbul,1.0175898523518887
2000,Al-Qahirah-(Cairo),Lagos,0.08139214013704206
2000,Al-Qahirah-(Cairo),Shenyang,0.7567300644137899
2000,Al-Qahirah-(Cairo),Tehran,1.0695844519279727
2000,Al-Qahirah-(Cairo),Tokyo,0.664662750274783
2000,Ankara,Abidjan,0.18120134730480109
2000,Ankara,Al-Iskandariyah-(Alexandria),0.6466118218313692
2000,Ankara,Al-Qahirah-(Cairo),1.0113248351462132
2000,Ankara,Baghdad,0.6179844172840507
2000,Ankara,Chukyo-M.M.A.-(Nagoya),0.40105754692162604
2000,Ankara,Haerbin,0.5303985518777986
2000,Ankara,Istanbul,1.0789437965613284
2000,Ankara,Lagos,0.17584537104796702
2000,Ankara,Shenyang,0.5455293571237088
2000,Ankara,Tehran,0.7198905931070262
2000,Ankara,Tokyo,0.9253165268962894
2000,Baghdad,Abidjan,0.24151090537943884
2000,Baghdad,Al-Iskandariyah-(Alexandria),1.0416946985079165
2000,Baghdad,Al-Qahirah-(Cairo),0.7478897488525633
2000,Baghdad,Ankara,0.05170290631691313
2000,Baghdad,Chukyo-M.M.A.-(Nagoya),0.05371154419167782
2000,Baghdad,Haerbin,0.8610563741481209
2000,Baghdad,Istanbul,0.5721784094906368
2000,Baghdad,Lagos,0.7172029328223872
2000,Baghdad,Shenyang,0.48816549504724893
2000,Baghdad,Tehran,0.40796204978239103
2000,Baghdad,Tokyo,0.49760318230845435
2000,Chukyo-M.M.A.-(Nagoya),Abidjan,0.5735887271163359
2000,Chukyo-M.M.A.-(Nagoya),Al-Iskandariyah-(Alexandria),0.7566040561494037
2000,Chukyo-M.M.A.-(Nagoya),Al-Qahirah-(Cairo),0.06762051796259386
2000,Chukyo-M.M.A.-(Nagoya),Ankara,0.8822072495870509
2000,Chukyo-M.M.A.-(Nagoya),Baghdad,0.27519491687453856
2000,Chukyo-M.M.A.-(Nagoya),Haerbin,0.3662596412155076
2000,Chukyo-M.M.A.-(Nagoya),Istanbul,0.26114912835189125
2000,Chukyo-M.M.A.-(Nagoya),Lagos,0.5927684101338673
2000,Chukyo-M.M.A.-(Nagoya),Shenyang,0.3965133693396092
2000,Chukyo-M.M.A.-(Nagoya),Tehran,0.6103932989620379
2000,Chukyo-M.M.A.-(Nagoya),Tokyo,0.38409894163171004
2000,Haerbin,Abidjan,0.94539791960682
2000,Haerbin,Al-Iskandariyah-(Alexandria),0.9897142595150771
2000,Haerbin,Al-Qahirah-(Cairo),0.7151551727208253
2000,Haerbin,Ankara,0.8313756388004709
2000,Haerbin,Baghdad,0.9626745586334694
2000,Haerbin,Chukyo-M.M.A.-(Nagoya),1.00383838277621
2000,Haerbin,Istanbul,0.6141948977665558
2000,Haerbin,Lagos,0.261712939627795
2000,Haerbin,Shenyang,1.0453355112513567
2000,Haerbin,Tehran,0.8477197081846991
2000,Haerbin,Tokyo,0.29380255688418033
2000,Istanbul,Abidjan,0.8555957934356976
2000,Istanbul,Al-Iskandariyah-(Alexandria),0.9718527131247746
2000,Istanbul,Al-Qahirah-(Cairo),0.9015864481936741
2000,Istanbul,Ankara,0.7506680777185348
2000,Istanbul,Baghdad,0.14929402730274646
2000,Istanbul,Chukyo-M.M.A.-(Nagoya),0.28130286007221295
2000,Istanbul,Haerbin,1.0246140624616864
2000,Istanbul,Lagos,0.2940552006417955
2000,Istanbul,Shenyang,0.21230847163315586
2000,Istanbul,Tehran,0.47181357769154947
2000,Istanbul,Tokyo,0.8849964646533003
2000,Lagos,Abidjan,1.0857946285064717
2000,Lagos,Al-Iskandariyah-(Alexandria),0.619551610359468
2000,Lagos,Al-Qahirah-(Cairo),0.9206715162463124
2000,Lagos,Ankara,0.38136875911457957
2000,Lagos,Baghdad,1.0480346630315356
2000,Lagos,Chukyo-M.M.A.-(Nagoya),1.0208474966430243
2000,Lagos,Haerbin,0.3241511450472298
2000,Lagos,Istanbul,0.6434497155448466
2000,Lagos,Shenyang,0.09018050119103532
2000,Lagos,Tehran,1.00578346680804
2000,Lagos,Tokyo,0.3592301169837584
2000,Shenyang,Abidjan,0.7355846099707812
2000,Shenyang,Al-Iskandariyah-(Alexandria),0.03811332850523197
2000,Shenyang,Al-Qahirah-(Cairo),0.07389490309322594
2000,Shenyang,Ankara,0.6641101988073138
2000,Shenyang,Baghdad,0.43661416026585914
2000,Shenyang,Chukyo-M.M.A.-(Nagoya),0.2583776210284491
2000,Shenyang,Haerbin,0.506615494242592
2000,Shenyang,Istanbul,0.7217598621190818
2000,Shenyang,Lagos,0.92601611531746
2000,Shenyang,Tehran,0.6691966715051976
2000,Shenyang,Tokyo,0.8475103220789618
2000,Tehran,Abidjan,0.5872815899112273
2000,Tehran,Al-Iskandariyah-(Alexandria),0.9712535727330246
2000,Tehran,Al-Qahirah-(Cairo),0.3156355588505729
2000,Tehran,Ankara,0.7190470552607889
2000,Tehran,Baghdad,0.44424335855920505
2000,Tehran,Chukyo-M.M.A.-(Nagoya),0.1467955405560457
2000,Tehran,Haerbin,0.277653403781545
2000,Tehran,Istanbul,0.3600411531865526
2000,Tehran,Lagos,0.4373943534609014
2000,Tehran,Shenyang,0.8287225172339195
2000,Tehran,Tokyo,0.08167400052064876
2000,Tokyo,Abidjan,0.11504456091788065
2000,Tokyo,Al-Iskandariyah-(Alexandria),1.0507616197201124
2000,Tokyo,Al-Qahirah-(Cairo),0.434118134781988
2000,Tokyo,Ankara,0.5701161635885884
2000,Tokyo,Baghdad,0.09318585429260719
2000,Tokyo,Chukyo-M.M.A.-(Nagoya),0.6806693556468442
2000,Tokyo,Haerbin,0.4280485810950901
2000,Tokyo,Istanbul,0.32219729973961364
2000,Tokyo,Lagos,0.7509163973580887
2000,Tokyo,Shenyang,0.6183152361539502
2000,Tokyo,Tehran,1.0483703194587852
3000,Abidjan,Al-Iskandariyah-(Alexandria),0.4077581956794159
3000,Abidjan,Al-Qahirah-(Cairo),0.4493428694028769
3000,Abidjan,Ankara,0.4955306781792048
3000,Abidjan,Baghdad,0.9998090605114381
3000,Abidjan,Chukyo-M.M.A.-(Nagoya),0.8326833033706565
3000,Abidjan,Haerbin,0.45888772815687784
3000,Abidjan,Istanbul,0.16404370342879696
3000,Abidjan,Lagos,0.6967213290393682
3000,Abidjan,Shenyang,0.5634268766402722
3000,Abidjan,Tehran,0.5396121723447344
3000,Abidjan,Tokyo,0.5558331309552136
3000,Al-Iskandariyah-(Alexandria),Abidjan,0.9847296664997044
3000,Al-Iskandariyah-(Alexandria),Al-Qahirah-(Cairo),0.9943560263855947
3000,Al-Iskandariyah-(Alexandria),Ankara,0.9526884809997506
3000,Al-Iskandariyah-(Alexandria),Baghdad,1.0238257969307678
3000,Al-Iskandariyah-(Alexandria),Chukyo-M.M.A.-(Nagoya),0.5565558016030816
3000,Al-Iskandariyah-(Alexandria),Haerbin,1.022125136814952
3000,Al-Iskandariyah-(Alexandria),Istanbul,0.1324973294812295
3000,Al-Iskandariyah-(Alexandria),Lagos,0.9470140920504376
3000,Al-Iskandariyah-(Alexandria),Shenyang,0.9083407633476948
3000,Al-Iskandariyah-(Alexandria),Tehran,0.9768448176827595
3000,Al-Iskandariyah-(Alexandria),Tokyo,0.4134411976977399
3000,Al-Qahirah-(Cairo),Abidjan,0.41115374646456965
3000,Al-Qahirah-(Cairo),Al-Iskandariyah-(Alexandria),0.9784459009871485
3000,Al-Qahirah-(Cairo),Ankara,0.8450576138475431
3000,Al-Qahirah-(Cairo),Baghdad,0.886004902178776
3000,Al-Qahirah-(Cairo),Chukyo-M.M.A.-(Nagoya),0.18250196429175705
3000,Al-Qahirah-(Cairo),Haerbin,0.34427350147781394
3000,Al-Qahirah-(Cairo),Istanbul,0.9575327936401276
3000,Al-Qahirah-(Cairo),Lagos,0.9403152587578961
3000,Al-Qahirah-(Cairo),Shenyang,0.8773906472992271
3000,Al-Qahirah-(Cairo),Tehran,0.8137125461365529
3000,Al-Qahirah-(Cairo),Tokyo,0.18539400440616263
3000,Ankara,Abidjan,0.40362786934536105
3000,Ankara,Al-Iskandariyah-(Alexandria),0.26979775596907996
3000,Ankara,Al-Qahirah-(Cairo),0.7944418866432095
3000,Ankara,Baghdad,0.6501980467006582
3000,Ankara,Chukyo-M.M.A.-(Nagoya),0.3654238650934972
3000,Ankara,Haerbin,0.27950511816581397
3000,Ankara,Istanbul,0.6544300626868101
3000,Ankara,Lagos,0.6206667210792364
3000,Ankara,Shenyang,0.1320944088327478
3000,Ankara,Tehran,1.013980605660222
3000,Ankara,Tokyo,1.0847702526355316
3000,Baghdad,Abidjan,0.5277333279274322
3000,Baghdad,Al-Iskandariyah-(Alexandria),0.37482048288268005
3000,Baghdad,Al-Qahirah-(Cairo),0.8199157025340829
3000,Baghdad,Ankara,0.175969644388836
3000,Baghdad,Chukyo-M.M.A.-(Nagoya),0.6680565868830007
3000,Baghdad,Haerbin,0.4538797404194133
3000,Baghdad,Istanbul,0.40900166071328964
3000,Baghdad,Lagos,1.0836480398620503
3000,Baghdad,Shenyang,1.0725791098482653
3000,Baghdad,Tehran,0.96177956130179
3000,Baghdad,Tokyo,0.15971899447030852
3000,Chukyo-M.M.A.-(Nagoya),Abidjan,0.17058355937162153
3000,Chukyo-M.M.A.-(Nagoya),Al-Iskandariyah-(Alexandria),0.4070207015000718
3000,Chukyo-M.M.A.-(Nagoya),Al-Qahirah-(Cairo),0.19337426588613008
3000,Chukyo-M.M.A.-(Nagoya),Ankara,0.7907511810960762
3000,Chukyo-M.M.A.-(Nagoya),Baghdad,0.7233686137132579
3000,Chukyo-M.M.A.-(Nagoya),Haerbin,0.8514572881183964
3000,Chukyo-M.M.A.-(Nagoya),Istanbul,0.7377851219017952
3000,Chukyo-M.M.A.-(Nagoya),Lagos,0.34021858888099926
3000,Chukyo-M.M.A.-(Nagoya),Shenyang,0.07230403296262443
3000,Chukyo-M.M.A.-(Nagoya),Tehran,0.7943991910001179
3000,Chukyo-M.M.A.-(Nagoya),Tokyo,0.3456370085584714
3000,Haerbin,Abidjan,0.5662810678068004
3000,Haerbin,Al-Iskandariyah-(Alexandria),0.7747950056835621
3000,Haerbin,Al-Qahirah-(Cairo),0.7312257305130784
3000,Haerbin,Ankara,0.3912574349475296
3000,Haerbin,Baghdad,0.8690472609636539
3000,Haerbin,Chukyo-M.M.A.-(Nagoya),0.7962301989032455
3000,Haerbin,Istanbul,0.7348349289420116
3000,Haerbin,Lagos,0.9780702687747785
3000,Haerbin,Shenyang,0.3981686465874122
3000,Haerbin,Tehran,0.23150479917514055
3000,Haerbin,Tokyo,1.0563365614503664
3000,Istanbul,Abidjan,0.46166580913227817
3000,Istanbul,Al-Iskandariyah-(Alexandria),0.06816246776393269
3000,Istanbul,Al-Qahirah-(Cairo),0.05807473853029929
3000,Istanbul,Ankara,0.9195081271643758
3000,Istanbul,Baghdad,0.04007395291252608
3000,Istanbul,Chukyo-M.M.A.-(Nagoya),0.09858732847300919
3000,Istanbul,Haerbin,0.7076330469940201
3000,Istanbul,Lagos,1.0321832983184083
3000,Istanbul,Shenyang,0.9439443557847477
3000,Istanbul,Tehran,0.15199798442356222
3000,Istanbul,Tokyo,0.1959421649358682
3000,Lagos,Abidjan,0.9503635056736633
3000,Lagos,Al-Iskandariyah-(Alexandria),0.470734414516069
3000,Lagos,Al-Qahirah-(Cairo),0.09927476504335886
3000,Lagos,Ankara,0.7917593373720522
3000,Lagos,Baghdad,0.43163365885060734
3000,Lagos,Chukyo-M.M.A.-(Nagoya),0.6935907339859585
3000,Lagos,Haerbin,0.31771766417836017
3000,Lagos,Istanbul,0.042058271610432775
3000,Lagos,Shenyang,0.5126494364606922
3000,Lagos,Tehran,1.0514576805170197
3000,Lagos,Tokyo,0.5269361781676539
3000,Shenyang,Abidjan,0.03370520112447739
3000,Shenyang,Al-Iskandariyah-(Alexandria),1.0333618235176927
3000,Shenyang,Al-Qahirah-(Cairo),0.8197485376747812
3000,Shenyang,Ankara,0.7450962978782836
3000,Shenyang,Baghdad,0.8893745102598938
3000,Shenyang,Chukyo-M.M.A.-(Nagoya),0.7635964546521031
3000,Shenyang,Haerbin,1.0613961116118653
3000,Shenyang,Istanbul,0.7533445795283007
3000,Shenyang,Lagos,0.9305931902246442
3000,Shenyang,Tehran,0.046010033934325734
3000,Shenyang,Tokyo,1.0367046380834457
3000,Tehran,Abidjan,0.7983483200057391
3000,Tehran,Al-Iskandariyah-(Alexandria),0.2584056143538593
3000,Tehran,Al-Qahirah-(Cairo),0.14730843034120444
3000,Tehran,Ankara,0.8374823243601488
3000,Tehran,Baghdad,0.2616122802552619
3000,Tehran,Chukyo-M.M.A.-(Nagoya),0.005336706812788446
3000,Tehran,Haerbin,0.43206473410750085
3000,Tehran,Istanbul,0.22574520006677262
3000,Tehran,Lagos,0.4511051864052714
3000,Tehran,Shenyang,0.8185184619093391
3000,Tehran,Tokyo,0.9250592653979237
3000,Tokyo,Abidjan,0.07786376706733425
3000,Tokyo,Al-Iskandariyah-(Alexandria),0.4974896433260836
3000,Tokyo,Al-Qahirah-(Cairo),0.4703610845056289
3000,Tokyo,Ankara,0.8847300375629354
3000,Tokyo,Baghdad,0.6771683936084211
3000,Tokyo,Chukyo-M.M.A.-(Nagoya),0.385616768850778
3000,Tokyo,Haerbin,0.8205169554940243
3000,Tokyo,Istanbul,0.30723176710859956
3000,Tokyo,Lagos,0.08926918179196615
3000,Tokyo,Shenyang,0.31761379848740223
3000,Tokyo,Tehran,0.561067452294277
4000,Abidjan,Al-Iskandariyah-(Alexandria),0.008213196292339782
4000,Abidjan,Al-Qahirah-(Cairo),0.2674854790739445
4000,Abidjan,Ankara,0.6444272615823184
4000,Abidjan,Baghdad,0.39379570493790017
4000,Abidjan,Chukyo-M.M.A.-(Nagoya),0.8142262906686921
4000,Abidjan,Haerbin,0.6930970926558995
4000,Abidjan,Istanbul,0.6266570747486958
4000,Abidjan,Lagos,0.2556865621947163
4000,Abidjan,Shenyang,0.24886215166150155
4000,Abidjan,Tehran,0.7155738372435022
4000,Abidjan,Tokyo,0.1201700105135751
4000,Al-Iskandariyah-(Alexandria),Abidjan,0.49370201168228334
4000,Al-Iskandariyah-(Alexandria),Al-Qahirah-(Cairo),0.8308155997565467
4000,Al-Iskandariyah-(Alexandria),Ankara,0.4148556522493424
4000,Al-Iskandariyah-(Alexandria),Baghdad,0.9430432249118967
4000,Al-Iskandariyah-(Alexandria),Chukyo-M.M.A.-(Nagoya),0.029081114180588147
4000,Al-Iskandariyah-(Alexandria),Haerbin,0.01890754566982501
4000,Al-Iskandariyah-(Alexandria),Istanbul,0.29303060158044886
4000,Al-Iskandariyah-(Alexandria),Lagos,0.2456241409647639
4000,Al-Iskandariyah-(Alexandria),Shenyang,0.5056223152924415
4000,Al-Iskandariyah-(Alexandria),Tehran,0.4194954122155812
4000,Al-Iskandariyah-(Alexandria),Tokyo,0.5995752605242621
4000,Al-Qahirah-(Cairo),Abidjan,0.009665531485760284
4000,Al-Qahirah-(Cairo),Al-Iskandariyah-(Alexandria),1.066220183755689
4000,Al-Qahirah-(Cairo),Ankara,0.0960536219882386
4000,Al-Qahirah-(Cairo),Baghdad,0.9449672431344766
4000,Al-Qahirah-(Cairo),Chukyo-M.M.A.-(Nagoya),0.41213087858090197
4000,Al-Qahirah-(Cairo),Haerbin,0.7925748727965352
4000,Al-Qahirah-(Cairo),Istanbul,0.8210541903581111
4000,Al-Qahirah-(Cairo),Lagos,0.936636692678359
4000,Al-Qahirah-(Cairo),Shenyang,0.8082214784366817
4000,Al-Qahirah-(Cairo),Tehran,0.5994251982344377
4000,Al-Qahirah-(Cairo),Tokyo,0.14260998392004418
4000,Ankara,Abidjan,0.748966008808141
4000,Ankara,Al-Iskandariyah-(Alexandria),0.39828156739164994
4000,Ankara,Al-Qahirah-(Cairo),0.1764872786877094
4000,Ankara,Baghdad,1.0224620577241215
4000,Ankara,Chukyo-M.M.A.-(Nagoya),0.38826408696707737
4000,Ankara,Haerbin,0.6305578646856242
4000,Ankara,Istanbul,1.062238464813728
4000,Ankara,Lagos,0.6537602397661951
4000,Ankara,Shenyang,1.0687442070024926
4000,Ankara,Tehran,0.7833799810338558
4000,Ankara,Tokyo,0.15608809881467095
4000,Baghdad,Abidjan,0.9063227570225418
4000,Baghdad,Al-Iskandariyah-(Alexandria),0.3420948155270628
4000,Baghdad,Al-Qahirah-(Cairo),0.17800244453268343
4000,Baghdad,Ankara,0.521245945067992
4000,Baghdad,Chukyo-M.M.A.-(Nagoya),0.39475663280025597
4000,Baghdad,Haerbin,1.0343731751524738
4000,Baghdad,Istanbul,0.1419844046693319
4000,Baghdad,Lagos,0.3730441528342527
4000,Baghdad,Shenyang,0.43710790206717304
4000,Baghdad,Tehran,0.5180336433506143
4000,Baghdad,Tokyo,0.7784774059656718
4000,Chukyo-M.M.A.-(Nagoya),Abidjan,0.98141758217663
4000,Chukyo-M.M.A.-(Nagoya),Al-Iskandariyah-(Alexandria),0.814099141353384
4000,Chukyo-M.M.A.-(Nagoya),Al-Qahirah-(Cairo),1.0907463071245085
4000,Chukyo-M.M.A.-(Nagoya),Ankara,0.9466708992937111
4000,Chukyo-M.M.A.-(Nagoya),Baghdad,0.5931844819582643
4000,Chukyo-M.M.A.-(Nagoya),Haerbin,0.8572821219431932
4000,Chukyo-M.M.A.-(Nagoya),Istanbul,0.9553356093829167
4000,Chukyo-M.M.A.-(Nagoya),Lagos,0.7689704514424565
4000,Chukyo-M.M.A.-(Nagoya),Shenyang,0.07969913518989247
4000,Chukyo-M.M.A.-(Nagoya),Tehran,0.9154621870957896
4000,Chukyo-M.M.A.-(Nagoya),Tokyo,1.0863347530525262
4000,Haerbin,Abidjan,1.051926043169284
4000,Haerbin,Al-Iskandariyah-(Alexandria),0.9207245166829221
4000,Haerbin,Al-Qahirah-(Cairo),0.5603385030480134
4000,Haerbin,Ankara,0.17767199776213974
4000,Haerbin,Baghdad,0.9579022215035773
4000,Haerbin,Chukyo-M.M.A.-(Nagoya),0.5273786401582564
4000,Haerbin,Istanbul,1.0276642703851733
4000,Haerbin,Lagos,0.7446430720172305
4000,Haerbin,Shenyang,0.8286889628517748
4000,Haerbin,Tehran,0.11582244346814148
4000,Haerbin,Tokyo,0.14418318465380828
4000,Istanbul,Abidjan,0.584908980037934
4000,Istanbul,Al-Iskandariyah-(Alexandria),0.5592948875365239
4000,Istanbul,Al-Qahirah-(Cairo),0.7664192588359806
4000,Istanbul,Ankara,0.620273068085036
4000,Istanbul,Baghdad,0.8962266470796982
4000,Istanbul,Chukyo-M.M.A.-(Nagoya),0.2560357281156995
4000,Istanbul,Haerbin,0.4167517819993333
4000,Istanbul,Lagos,0.07190022372631699
4000,Istanbul,Shenyang,0.3967398072382897
4000,Istanbul,Tehran,0.022668827946500925
4000,Istanbul,Tokyo,0.7028462657885118
4000,Lagos,Abidjan,1.0613146052334985
4000,Lagos,Al-Iskandariyah-(Alexandria),1.0330540069519192
4000,Lagos,Al-Qahirah-(Cairo),0.10811655653500761
4000,Lagos,Ankara,0.9216757028950754
4000,Lagos,Baghdad,0.8899880005863182
4000,Lagos,Chukyo-M.M.A.-(Nagoya),0.9422648735497249
4000,Lagos,Haerbin,0.0112408578857921
4000,Lagos,Istanbul,1.0329604247431026
4000,Lagos,Shenyang,0.4531619675550363
4000,Lagos,Tehran,0.28307705030743885
4000,Lagos,Tokyo,0.3456438220898889
4000,Shenyang,Abidjan,0.7285440096730179
4000,Shenyang,Al-Iskandariyah-(Alexandria),0.47091859045842455
4000,Shenyang,Al-Qahirah-(Cairo),0.700448274496569
4000,Shenyang,Ankara,0.6919869899021656
4000,Shenyang,Baghdad,1.005897216970822
4000,Shenyang,Chukyo-M.M.A.-(Nagoya),0.9200377584534414
4000,Shenyang,Haerbin,0.43051550740781624
4000,Shenyang,Istanbul,0.40205511149336337
4000,Shenyang,Lagos,0.04388389161490663
4000,Shenyang,Tehran,0.5103992725054981
4000,Shenyang,Tokyo,0.5259150847294183
4000,Tehran,Abidjan,0.4661288360256524
4000,Tehran,Al-Iskandariyah-(Alexandria),0.8888700227420886
4000,Tehran,Al-Qahirah-(Cairo),0.034353619544624146
4000,Tehran,Ankara,0.3807251744287932
4000,Tehran,Baghdad,0.03485898429391998
4000,Tehran,Chukyo-M.M.A.-(Nagoya),0.37491937376340656
4000,Tehran,Haerbin,0.7419270899736972
4000,Tehran,Istanbul,0.6048419172286748
4000,Tehran,Lagos,0.8534583059206909
4000,Tehran,Shenyang,0.7848137109389313
4000,Tehran,Tokyo,0.3371599213314632
4000,Tokyo,Abidjan,1.0036822151704996
4000,Tokyo,Al-Iskandariyah-(Alexandria),1.049647935196054
4000,Tokyo,Al-Qahirah-(Cairo),0.2706313979485593
4000,Tokyo,Ankara,0.9756648367670903
4000,Tokyo,Baghdad,0.4200082844028414
4000,Tokyo,Chukyo-M.M.A.-(Nagoya),0.4017969325651836
4000,Tokyo,Haerbin,0.5555925574071515
4000,Tokyo,Istanbul,0.012879991458139652
4000,Tokyo,Lagos,0.6049134826080488
4000,Tokyo,Shenyang,0.12976246463934507
4000,Tokyo,Tehran,0.5373463108671982
5000,Abidjan,Al-Iskandariyah-(Alexandria),0.07493708300526702
5000,Abidjan,Al-Qahirah-(Cairo),0.1744408830687066
5000,Abidjan,Ankara,0.0006126786637557754
5000,Abidjan,Baghdad,0.9798183582590435
5000,Abidjan,Chukyo-M.M.A.-(Nagoya),0.34006667072604013
5000,Abidjan,Haerbin,0.2741441936940615
5000,Abidjan,Istanbul,0.09988667072432207
5000,Abidjan,Lagos,0.1794912570283914
5000,Abidjan,Shenyang,0.7213678253488953
5000,Abidjan,Tehran,0.12358540408651628
5000,Abidjan,Tokyo,0.8313231516743729
5000,Al-Iskandariyah-(Alexandria),Abidjan,0.23150739024716077
5000,Al-Iskandariyah-(Alexandria),Al-Qahirah-(Cairo),0.7146956245044589
5000,Al-Iskandariyah-(Alexandria),Ankara,0.21531574512724874
5000,Al-Iskandariyah-(Alexandria),Baghdad,0.9060734735842735
5000,Al-Iskandariyah-(Alexandria),Chukyo-M.M.A.-(Nagoya),0.4235220331902535
5000,Al-Iskandariyah-(Alexandria),Haerbin,0.12146787331982226
5000,Al-Iskandariyah-(Alexandria),Istanbul,0.15986527305463608
5000,Al-Iskandariyah-(Alexandria),Lagos,0.2974291566345556
5000,Al-Iskandariyah-(Alexandria),Shenyang,0.4585242260664517
5000,Al-Iskandariyah-(Alexandria),Tehran,0.21041883775573028
5000,Al-Iskandariyah-(Alexandria),Tokyo,0.17303892386503872
5000,Al-Qahirah-(Cairo),Abidjan,0.058785687004379465
5000,Al-Qahirah-(Cairo),Al-Iskandariyah-(Alexandria),0.6565544810479864
5000,Al-Qahirah-(Cairo),Ankara,0.24081942858309613
5000,Al-Qahirah-(Cairo),Baghdad,0.9282546887769558
5000,Al-Qahirah-(Cairo),Chukyo-M.M.A.-(Nagoya),0.6282989443725678
5000,Al-Qahirah-(Cairo),Haerbin,0.39007952337794394
5000,Al-Qahirah-(Cairo),Istanbul,0.9866050830590275
5000,Al-Qahirah-(Cairo),Lagos,0.6881760670057394
5000,Al-Qahirah-(Cairo),Shenyang,0.5594262115382698
5000,Al-Qahirah-(Cairo),Tehran,0.8978909500275771
5000,Al-Qahirah-(Cairo),Tokyo,0.8677962754085768
5000,Ankara,Abidjan,0.04406967991574874
5000,Ankara,Al-Iskandariyah-(Alexandria),0.605931403162712
5000,Ankara,Al-Qahirah-(Cairo),0.8796379645575364
5000,Ankara,Baghdad,0.9334975880069731
5000,Ankara,Chukyo-M.M.A.-(Nagoya),0.39935470147053664
5000,Ankara,Haerbin,0.6733434687659415
5000,Ankara,Istanbul,0.8491511755081358
5000,Ankara,Lagos,0.1910666578678916
5000,Ankara,Shenyang,0.697569023118835
5000,Ankara,Tehran,0.7484353589354443
5000,Ankara,Tokyo,0.376101450147427
5000,Baghdad,Abidjan,0.9970328564380905
5000,Baghdad,Al-Iskandariyah-(Alexandria),0.6186656156826194
5000,Baghdad,Al-Qahirah-(Cairo),0.252408716202654
5000,Baghdad,Ankara,0.7443465036652872
5000,Baghdad,Chukyo-M.M.A.-(Nagoya),0.6844750477691551
5000,Baghdad,Haerbin,0.9825210202211723
5000,Baghdad,Istanbul,0.7319563676328142
5000,Baghdad,Lagos,0.8565997403742043
5000,Baghdad,Shenyang,0.7551548396392246
5000,Baghdad,Tehran,1.0122410332821634
5000,Baghdad,Tokyo,0.18877179359305826
5000,Chukyo-M.M.A.-(Nagoya),Abidjan,0.15128291484525508
5000,Chukyo-M.M.A.-(Nagoya),Al-Iskandariyah-(Alexandria),0.8798075722347184
5000,Chukyo-M.M.A.-(Nagoya),Al-Qahirah-(Cairo),0.6065235814102838
5000,Chukyo-M.M.A.-(Nagoya),Ankara,0.5975806935664788
5000,Chukyo-M.M.A.-(Nagoya),Baghdad,0.4948838248881632
5000,Chukyo-M.M.A.-(Nagoya),Haerbin,0.8371822663850828
5000,Chukyo-M.M.A.-(Nagoya),Istanbul,0.28982310954752083
5000,Chukyo-M.M.A.-(Nagoya),Lagos,0.5721714841331255
5000,Chukyo-M.M.A.-(Nagoya),Shenyang,0.6423536878520182
5000,Chukyo-M.M.A.-(Nagoya),Tehran,0.8291633453459255
5000,Chukyo-M.M.A.-(Nagoya),Tokyo,0.3995311363646169
5000,Haerbin,Abidjan,0.15356806754164892
5000,Haerbin,Al-Iskandariyah-(Alexandria),0.382809482694967
5000,Haerbin,Al-Qahirah-(Cairo),0.7923078389904189
5000,Haerbin,Ankara,0.5341571045282105
5000,Haerbin,Baghdad,0.06632461533224611
5000,Haerbin,Chukyo-M.M.A.-(Nagoya),0.060505920670253274
5000,Haerbin,Istanbul,0.700764292684257
5000,Haerbin,Lagos,0.2514010856973306
5000,Haerbin,Shenyang,0.8501540676967866
5000,Haerbin,Tehran,0.09135269176936947
5000,Haerbin,Tokyo,0.9984939808598887
5000,Istanbul,Abidjan,0.9136811953446627
5000,Istanbul,Al-Iskandariyah-(Alexandria),0.6493342642065448
5000,Istanbul,Al-Qahirah-(Cairo),0.8223387356924319
5000,Istanbul,Ankara,0.08327910619285214
5000,Istanbul,Baghdad,0.0682290627662026
5000,Istanbul,Chukyo-M.M.A.-(Nagoya),0.4285889611993021
5000,Istanbul,Haerbin,0.8068658045949675
5000,Istanbul,Lagos,0.6768431124326807
5000,Istanbul,Shenyang,0.054137023613415824
5000,Istanbul,Tehran,0.7000048668254403
5000,Istanbul,Tokyo,0.3798986467973452
5000,Lagos,Abidjan,0.08472847119219057
5000,Lagos,Al-Iskandariyah-(Alexandria),0.06255658815359047
5000,Lagos,Al-Qahirah-(Cairo),0.24076442577442037
5000,Lagos,Ankara,0.4016963194559387
5000,Lagos,Baghdad,0.17346109038421534
5000,Lagos,Chukyo-M.M.A.-(Nagoya),0.678044779269074
5000,Lagos,Haerbin,0.7763565690085529
5000,Lagos,Istanbul,0.46164161565117723
5000,Lagos,Shenyang,0.7345430185556284
5000,Lagos,Tehran,0.15943881565591056
5000,Lagos,Tokyo,0.5873502739555079
5000,Shenyang,Abidjan,0.33881878409885147
5000,Shenyang,Al-Iskandariyah-(Alexandria),0.13283732442008192
5000,Shenyang,Al-Qahirah-(Cairo),0.7499748480202341
5000,Shenyang,Ankara,0.9904287884931618
5000,Shenyang,Baghdad,0.8167182109753813
5000,Shenyang,Chukyo-M.M.A.-(Nagoya),0.682004815250062
5000,Shenyang,Haerbin,0.6967345961587111
5000,Shenyang,Istanbul,0.9916752975524246
5000,Shenyang,Lagos,0.39007855986764134
5000,Shenyang,Tehran,0.21311689599272512
5000,Shenyang,Tokyo,1.0606691885666513
5000,Tehran,Abidjan,0.9533614838721636
5000,Tehran,Al-Iskandariyah-(Alexandria),0.9271514347452323
5000,Tehran,Al-Qahirah-(Cairo),0.5771607951947005
5000,Tehran,Ankara,0.18957458225870033
5000,Tehran,Baghdad,0.8887289161983258
5000,Tehran,Chukyo-M.M.A.-(Nagoya),0.06922508066102609
5000,Tehran,Haerbin,0.4288185634873859
5000,Tehran,Istanbul,0.5194977909736255
5000,Tehran,Lagos,0.3385869082806623
5000,Tehran,Shenyang,0.5234554304066296
5000,Tehran,Tokyo,0.5521254703514459
5000,Tokyo,Abidjan,0.5832106442165255
5000,Tokyo,Al-Iskandariyah-(Alexandria),0.6244449677453223
5000,Tokyo,Al-Qahirah-(Cairo),0.7100189712028706
5000,Tokyo,Ankara,0.4202083819472711
5000,Tokyo,Baghdad,0.12252214040924005
5000,Tokyo,Chukyo-M.M.A.-(Nagoya),0.5053809154267569
5000,Tokyo,Haerbin,0.31143515422090395
5000,Tokyo,Istanbul,0.184883132169754
5000,Tokyo,Lagos,0.6890041291838773
5000,Tokyo,Shenyang,0.5954826514786905
5000,Tokyo,Tehran,0.2120687068211848
6000,Abidjan,Al-Iskandariyah-(Alexandria),0.29940790484291957
6000,Abidjan,Al-Qahirah-(Cairo),0.7969548403623288
6000,Abidjan,Ankara,0.7780489999049045
6000,Abidjan,Baghdad,0.67396950239527
6000,Abidjan,Chukyo-M.M.A.-(Nagoya),0.5854166299452398
6000,Abidjan,Haerbin,0.8699541983423966
6000,Abidjan,Istanbul,0.7689044057995381
6000,Abidjan,Lagos,0.024538567638050873
6000,Abidjan,Shenyang,0.47678736661506876
6000,Abidjan,Tehran,0.7177530764742783
6000,Abidjan,Tokyo,0.38043779558673596
6000,Al-Iskandariyah-(Alexandria),Abidjan,0.580906111300096
6000,Al-Iskandariyah-(Alexandria),Al-Qahirah-(Cairo),0.8131284587817567
6000,Al-Iskandariyah-(Alexandria),Ankara,0.5262703051581309
6000,Al-Iskandariyah-(Alexandria),Baghdad,0.22995979569218153
6000,Al-Iskandariyah-(Alexandria),Chukyo-M.M.A.-(Nagoya),0.17005687646308162
6000,Al-Iskandariyah-(Alexandria),Haerbin,0.765327212660239
6000,Al-Iskandariyah-(Alexandria),Istanbul,0.04909809032502243
6000,Al-Iskandariyah-(Alexandria),Lagos,0.11836128542443879
6000,Al-Iskandariyah-(Alexandria),Shenyang,0.5940944799875
6000,Al-Iskandariyah-(Alexandria),Tehran,0.32122299624985196
6000,Al-Iskandariyah-(Alexandria),Tokyo,1.0684657244447198
6000,Al-Qahirah-(Cairo),Abidjan,0.5731048478392387
6000,Al-Qahirah-(Cairo),Al-Iskandariyah-(Alexandria),0.995955910490658
6000,Al-Qahirah-(Cairo),Ankara,1.0602894391369178
6000,Al-Qahirah-(Cairo),Baghdad,0.9418629015344613
6000,Al-Qahirah-(Cairo),Chukyo-M.M.A.-(Nagoya),0.734623782640394
6000,Al-Qahirah-(Cairo),Haerbin,1.0428072019486454
6000,Al-Qahirah-(Cairo),Istanbul,0.602784702743922
6000,Al-Qahirah-(Cairo),Lagos,0.28385619100348797
6000,Al-Qahirah-(Cairo),Shenyang,0.21192269846311632
6000,Al-Qahirah-(Cairo),Tehran,0.8306039361569998
6000,Al-Qahirah-(Cairo),Tokyo,0.2731451006143062
6000,Ankara,Abidjan,0.6102025029191873
6000,Ankara,Al-Iskandariyah-(Alexandria),0.46258301024694676
6000,Ankara,Al-Qahirah-(Cairo),0.3150914921376364
6000,Ankara,Baghdad,0.4674129512197186
6000,Ankara,Chukyo-M.M.A.-(Nagoya),0.3196814167299973
6000,Ankara,Haerbin,0.8964133785579912
6000,Ankara,Istanbul,0.38616730186471
6000,Ankara,Lagos,1.0889891756043502
6000,Ankara,Shenyang,0.10378610664200304
6000,Ankara,Tehran,0.5272285742779296
6000,Ankara,Tokyo,0.47406049769007824
6000,Baghdad,Abidjan,0.6140310638183143
6000,Baghdad,Al-Iskandariyah-(Alexandria),0.0677728430095429
6000,Baghdad,Al-Qahirah-(Cairo),0.6761866265765094
6000,Baghdad,Ankara,0.47761999632649177
6000,Baghdad,Chukyo-M.M.A.-(Nagoya),0.9127291033516842
6000,Baghdad,Haerbin,0.8705530088384092
6000,Baghdad,Istanbul,0.009072228690017699
6000,Baghdad,Lagos,0.683924484189679
6000,Baghdad,Shenyang,0.9207223114593582
6000,Baghdad,Tehran,0.5315662843185414
6000,Baghdad,Tokyo,0.5128008060905794
6000,Chukyo-M.M.A.-(Nagoya),Abidjan,0.8858582724580445
6000,Chukyo-M.M.A.-(Nagoya),Al-Iskandariyah-(Alexandria),0.43358839401648713
6000,Chukyo-M.M.A.-(Nagoya),Al-Qahirah-(Cairo),0.03115931462880789
6000,Chukyo-M.M.A.-(Nagoya),Ankara,0.5953150811740854
6000,Chukyo-M.M.A.-(Nagoya),Baghdad,0.5152038222184526
6000,Chukyo-M.M.A.-(Nagoya),Haerbin,0.8719254231066854
6000,Chukyo-M.M.A.-(Nagoya),Istanbul,0.5460267964939153
6000,Chukyo-M.M.A.-(Nagoya),Lagos,0.977000040691394
6000,Chukyo-M.M.A.-(Nagoya),Shenyang,0.016507397966831438
6000,Chukyo-M.M.A.-(Nagoya),Tehran,0.6623729250785787
6000,Chukyo-M.M.A.-(Nagoya),Tokyo,0.4312325771970497
6000,Haerbin,Abidjan,0.15023146408546947
6000,Haerbin,Al-Iskandariyah-(Alexandria),0.6302477429309521
6000,Haerbin,Al-Qahirah-(Cairo),0.36905617620302644
6000,Haerbin,Ankara,0.9323250287682601
6000,Haerbin,Baghdad,1.0400692507512181
6000,Haerbin,Chukyo-M.M.A.-(Nagoya),0.7703547449142801
6000,Haerbin,Istanbul,1.0626202437158159
6000,Haerbin,Lagos,1.0841884689820853
6000,Haerbin,Shenyang,0.8392837673942164
6000,Haerbin,Tehran,0.6445121232386857
6000,Haerbin,Tokyo,0.8904188120787224
6000,Istanbul,Abidjan,0.7968972850982583
6000,Istanbul,Al-Iskandariyah-(Alexandria),0.5508732018475716
6000,Istanbul,Al-Qahirah-(Cairo),0.5984402216736694
6000,Istanbul,Ankara,0.8908634601665505
6000,Istanbul,Baghdad,0.5784728813501052
6000,Istanbul,Chukyo-M.M.A.-(Nagoya),0.09018703185046202
6000,Istanbul,Haerbin,0.13190928589640533
6000,Istanbul,Lagos,0.27063884118549125
6000,Istanbul,Shenyang,0.5046638800023231
6000,Istanbul,Tehran,0.25889464818109703
6000,Istanbul,Tokyo,0.8000376733568728
6000,Lagos,Abidjan,1.0186245867107449
6000,Lagos,Al-Iskandariyah-(Alexandria),1.0871365579118855
6000,Lagos,Al-Qahirah-(Cairo),0.1013782460617784
6000,Lagos,Ankara,0.6343353701168282
6000,Lagos,Baghdad,0.3436034948596047
6000,Lagos,Chukyo-M.M.A.-(Nagoya),0.8007478585914777
6000,Lagos,Haerbin,0.5245317198561357
6000,Lagos,Istanbul,0.895205630976687
6000,Lagos,Shenyang,0.5193210171092457
6000,Lagos,Tehran,0.03230291927835264
6000,Lagos,Tokyo,0.8619226905993786
6000,Shenyang,Abidjan,0.5438994994101233
6000,Shenyang,Al-Iskandariyah-(Alexandria),0.589443412810216
6000,Shenyang,Al-Qahirah-(Cairo),0.9924749270342454
6000,Shenyang,Ankara,0.6736840180411293
6000,Shenyang,Baghdad,0.41820261034778633
6000,Shenyang,Chukyo-M.M.A.-(Nagoya),0.707297293805486
6000,Shenyang,Haerbin,0.048590282766478504
6000,Shenyang,Istanbul,0.5619497567988752
6000,Shenyang,Lagos,0.7209861475000818
6000,Shenyang,Tehran,1.0600224819610589
6000,Shenyang,Tokyo,0.6496432667051781
6000,Tehran,Abidjan,0.7868715136378817
6000,Tehran,Al-Iskandariyah-(Alexandria),0.7995109880845735
6000,Tehran,Al-Qahirah-(Cairo),0.6782293392722885
6000,Tehran,Ankara,0.8251526448770347
6000,Tehran,Baghdad,0.5211988565393224
6000,Tehran,Chukyo-M.M.A.-(Nagoya),0.13252170500900537
6000,Tehran,Haerbin,0.8654199239015352
6000,Tehran,Istanbul,0.043279532314428035
6000,Tehran,Lagos,1.0399432017174384
6000,Tehran,Shenyang,0.7599634672190939
6000,Tehran,Tokyo,0.08858814626505274
6000,Tokyo,Abidjan,0.9026787235414818
6000,Tokyo,Al-Iskandariyah-(Alexandria),0.905074402896265
6000,Tokyo,Al-Qahirah-(Cairo),0.43486660771090346
6000,Tokyo,Ankara,0.9516060877550023
6000,Tokyo,Baghdad,0.34766666590806905
6000,Tokyo,Chukyo-M.M.A.-(Nagoya),0.5680450488347966
6000,Tokyo,Haerbin,0.33577623097394393
6000,Tokyo,Istanbul,0.7997874430049563
6000,Tokyo,Lagos,0.9384600168287665
6000,Tokyo,Shenyang,0.7391279062346047
6000,Tokyo,Tehran,0.6949585643299496
7000,Abidjan,Al-Iskandariyah-(Alexandria),0.1840461671227768
7000,Abidjan,Al-Qahirah-(Cairo),0.8085398713236227
7000,Abidjan,Ankara,0.7198932361854091
7000,Abidjan,Baghdad,0.549024089814314
7000,Abidjan,Chukyo-M.M.A.-(Nagoya),0.9697678674288002
7000,Abidjan,Haerbin,0.6387123239091547
7000,Abidjan,Istanbul,0.4707548547394852
7000,Abidjan,Lagos,0.6438791251434743
7000,Abidjan,Shenyang,0.9705402744856473
7000,Abidjan,Tehran,0.20054352881809995
7000,Abidjan,Tokyo,1.0390844388524927
7000,Al-Iskandariyah-(Alexandria),Abidjan,0.38614032373375234
7000,Al-Iskandariyah-(Alexandria),Al-Qahirah-(Cairo),0.15619507859548892
7000,Al-Iskandariyah-(Alexandria),Ankara,1.0284672099650456
7000,Al-Iskandariyah-(Alexandria),Baghdad,0.9476791321916869
7000,Al-Iskandariyah-(Alexandria),Chukyo-M.M.A.-(Nagoya),0.8984629904539635
7000,Al-Iskandariyah-(Alexandria),Haerbin,0.39981278545048965
7000,Al-Iskandariyah-(Alexandria),Istanbul,0.9470080208020558
7000,Al-Iskandariyah-(Alexandria),Lagos,0.5524968071875714
7000,Al-Iskandariyah-(Alexandria),Shenyang,0.4437031495754873
7000,Al-Iskandariyah-(Alexandria),Tehran,0.1979738497313684
7000,Al-Iskandariyah-(Alexandria),Tokyo,0.07680453994670186
7000,Al-Qahirah-(Cairo),Abidjan,0.13712130222088226
7000,Al-Qahirah-(Cairo),Al-Iskandariyah-(Alexandria),0.02592904703915008
7000,Al-Qahirah-(Cairo),Ankara,0.6750401241152743
7000,Al-Qahirah-(Cairo),Baghdad,0.3640492182045823
7000,Al-Qahirah-(Cairo),Chukyo-M.M.A.-(Nagoya),0.2683181893313877
7000,Al-Qahirah-(Cairo),Haerbin,0.07854794113340155
7000,Al-Qahirah-(Cairo),Istanbul,0.896869105772845
7000,Al-Qahirah-(Cairo),Lagos,0.8955386506932725
7000,Al-Qahirah-(Cairo),Shenyang,0.15201545547984888
7000,Al-Qahirah-(Cairo),Tehran,0.9704470530997447
7000,Al-Qahirah-(Cairo),Tokyo,0.23619417928538256
7000,Ankara,Abidjan,0.19102255588841502
7000,Ankara,Al-Iskandariyah-(Alexandria),0.7390735682285882
7000,Ankara,Al-Qahirah-(Cairo),0.2708581590339033
7000,Ankara,Baghdad,0.435979960810872
7000,Ankara,Chukyo-M.M.A.-(Nagoya),0.7025572998188185
7000,Ankara,Haerbin,0.7947387468618146
7000,Ankara,Istanbul,0.6916137225698616
7000,Ankara,Lagos,0.3038801901933225
7000,Ankara,Shenyang,0.6357507885416438
7000,Ankara,Tehran,0.21703848636072326
7000,Ankara,Tokyo,0.2159545845516361
7000,Baghdad,Abidjan,0.3395281338597445
7000,Baghdad,Al-Iskandariyah-(Alexandria),0.010612700088179574
7000,Baghdad,Al-Qahirah-(Cairo),0.37405924884428937
7000,Baghdad,Ankara,0.6995087667705959
7000,Baghdad,Chukyo-M.M.A.-(Nagoya),0.7099358025029578
7000,Baghdad,Haerbin,0.8631705237114987
7000,Baghdad,Istanbul,0.8405690746137655
7000,Baghdad,Lagos,0.5665599339901257
7000,Baghdad,Shenyang,0.07652942028473264
7000,Baghdad,Tehran,0.781324705778341
7000,Baghdad,Tokyo,0.9375891767756273
7000,Chukyo-M.M.A.-(Nagoya),Abidjan,0.5195567346096303
7000,Chukyo-M.M.A.-(Nagoya),Al-Iskandariyah-(Alexandria),0.6473997724975415
7000,Chukyo-M.M.A.-(Nagoya),Al-Qahirah-(Cairo),0.2740449518260351
7000,Chukyo-M.M.A.-(Nagoya),Ankara,0.7755179874610144
7000,Chukyo-M.M.A.-(Nagoya),Baghdad,0.07326369018866756
7000,Chukyo-M.M.A.-(Nagoya),Haerbin,0.17383903024296654
7000,Chukyo-M.M.A.-(Nagoya),Istanbul,0.3677432783898115
7000,Chukyo-M.M.A.-(Nagoya),Lagos,0.4477426250806664
7000,Chukyo-M.M.A.-(Nagoya),Shenyang,1.068159928481868
7000,Chukyo-M.M.A.-(Nagoya),Tehran,0.003311586169923169
7000,Chukyo-M.M.A.-(Nagoya),Tokyo,0.8303058676884396
7000,Haerbin,Abidjan,0.674443710344972
7000,Haerbin,Al-Iskandariyah-(Alexandria),0.8625253684504224
7000,Haerbin,Al-Qahirah-(Cairo),0.18537950870152528
7000,Haerbin,Ankara,0.030331823162613673
7000,Haerbin,Baghdad,0.03758141548938567
7000,Haerbin,Chukyo-M.M.A.-(Nagoya),0.9808915044855574
7000,Haerbin,Istanbul,0.3098313296571744
7000,Haerbin,Lagos,0.22873095614028732
7000,Haerbin,Shenyang,0.25308578198173765
7000,Haerbin,Tehran,0.3281653571270099
7000,Haerbin,Tokyo,0.6221869269079549
7000,Istanbul,Abidjan,0.6444793983308432
7000,Istanbul,Al-Iskandariyah-(Alexandria),0.7816920106465991
7000,Istanbul,Al-Qahirah-(Cairo),0.9817721552741483
7000,Istanbul,Ankara,0.7502780202079294
7000,Istanbul,Baghdad,0.015970879673022402
7000,Istanbul,Chukyo-M.M.A.-(Nagoya),0.8376438799890815
7000,Istanbul,Haerbin,0.9224903572083604
7000,Istanbul,Lagos,0.7310296267002394
7000,Istanbul,Shenyang,1.033504684900797
7000,Istanbul,Tehran,0.9051626450437487
7000,Istanbul,Tokyo,0.8668652743793388
7000,Lagos,Abidjan,0.6421624800069743
7000,Lagos,Al-Iskandariyah-(Alexandria),0.9780696150059593
7000,Lagos,Al-Qahirah-(Cairo),0.3297578682607964
7000,Lagos,Ankara,0.9879969501389616
7000,Lagos,Baghdad,0.5415638903883402
7000,Lagos,Chukyo-M.M.A.-(Nagoya),0.3135023907977296
7000,Lagos,Haerbin,0.8415697703557532
7000,Lagos,Istanbul,0.06479732704871521
7000,Lagos,Shenyang,0.3375628967102732
7000,Lagos,Tehran,0.8383974946162452
7000,Lagos,Tokyo,0.12509870232294337
7000,Shenyang,Abidjan,0.693106181860295
7000,Shenyang,Al-Iskandariyah-(Alexandria),0.8804037139584229
7000,Shenyang,Al-Qahirah-(Cairo),0.4519577401357331
7000,Shenyang,Ankara,0.1041659516394867
7000,Shenyang,Baghdad,0.7800552211070999
7000,Shenyang,Chukyo-M.M.A.-(Nagoya),1.0423464722961482
7000,Shenyang,Haerbin,0.7742495596859295
7000,Shenyang,Istanbul,0.20412869525766225
7000,Shenyang,Lagos,0.9603299211172007
7000,Shenyang,Tehran,1.0591028167390217
7000,Shenyang,Tokyo,1.0559892364901575
7000,Tehran,Abidjan,0.7539506560792573
7000,Tehran,Al-Iskandariyah-(Alexandria),0.42238435545136765
7000,Tehran,Al-Qahirah-(Cairo),0.9423506370195288
7000,Tehran,Ankara,0.19660980202921582
7000,Tehran,Baghdad,0.07643148377869241
7000,Tehran,Chukyo-M.M.A.-(Nagoya),0.40082472896138727
7000,Tehran,Haerbin,0.1723003961730134
7000,Tehran,Istanbul,1.0456735436877702
7000,Tehran,Lagos,0.895068474022207
7000,Tehran,Shenyang,0.7862733106067578
7000,Tehran,Tokyo,0.13048962508741396
7000,Tokyo,Abidjan,0.15428752394470388
7000,Tokyo,Al-Iskandariyah-(Alexandria),0.5977689693733321
7000,Tokyo,Al-Qahirah-(Cairo),0.05550379881078315
7000,Tokyo,Ankara,0.37572907830800484
7000,Tokyo,Baghdad,0.434845603530108
7000,Tokyo,Chukyo-M.M.A.-(Nagoya),0.32102785468262374
7000,Tokyo,Haerbin,0.08073124221604695
7000,Tokyo,Istanbul,0.3776576306716593
7000,Tokyo,Lagos,0.501941328157493
7000,Tokyo,Shenyang,0.6475282882348246
7000,Tokyo,Tehran,1.0063539053005202
8000,Abidjan,Al-Iskandariyah-(Alexandria),0.13257708874850693
8000,Abidjan,Al-Qahirah-(Cairo),0.3368354976184956
8000,Abidjan,Ankara,0.5442965140499196
8000,Abidjan,Baghdad,0.6371116848561048
8000,Abidjan,Chukyo-M.M.A.-(Nagoya),0.37092035165026227
8000,Abidjan,Haerbin,0.9601230693979875
8000,Abidjan,Istanbul,0.6808313765220255
8000,Abidjan,Lagos,0.728461769020512
8000,Abidjan,Shenyang,0.2893085813714748
8000,Abidjan,Tehran,0.07091714234149285
8000,Abidjan,Tokyo,0.0816729272691664
8000,Al-Iskandariyah-(Alexandria),Abidjan,0.5382047824784868
8000,Al-Iskandariyah-(Alexandria),Al-Qahirah-(Cairo),0.3047361012389305
8000,Al-Iskandariyah-(Alexandria),Ankara,0.3382796516924592
8000,Al-Iskandariyah-(Alexandria),Baghdad,0.583539435365724
8000,Al-Iskandariyah-(Alexandria),Chukyo-M.M.A.-(Nagoya),0.028899043199248426
8000,Al-Iskandariyah-(Alexandria),Haerbin,0.33831697106313163
8000,Al-Iskandariyah-(Alexandria),Istanbul,1.0612387691121241
8000,Al-Iskandariyah-(Alexandria),Lagos,0.5736161708686641
8000,Al-Iskandariyah-(Alexandria),Shenyang,0.3996724486602731
8000,Al-Iskandariyah-(Alexandria),Tehran,0.3871114836392689
8000,Al-Iskandariyah-(Alexandria),Tokyo,0.16850037631250117
8000,Al-Qahirah-(Cairo),Abidjan,0.39592958370940584
8000,Al-Qahirah-(Cairo),Al-Iskandariyah-(Alexandria),0.41038232895512095
8000,Al-Qahirah-(Cairo),Ankara,0.8126860708066114
8000,Al-Qahirah-(Cairo),Baghdad,0.07093316852533345
8000,Al-Qahirah-(Cairo),Chukyo-M.M.A.-(Nagoya),0.1834250404444129
8000,Al-Qahirah-(Cairo),Haerbin,0.6566664404343706
8000,Al-Qahirah-(Cairo),Istanbul,0.06947059619787817
8000,Al-Qahirah-(Cairo),Lagos,0.7424090786396119
8000,Al-Qahirah-(Cairo),Shenyang,0.21848035056955734
8000,Al-Qahirah-(Cairo),Tehran,0.8986901486091861
8000,Al-Qahirah-(Cairo),Tokyo,0.10936504100765691
8000,Ankara,Abidjan,1.003728607584151
8000,Ankara,Al-Iskandariyah-(Alexandria),0.39259036162442656
8000,Ankara,Al-Qahirah-(Cairo),1.0311938047878793
8000,Ankara,Baghdad,0.604766066536333
8000,Ankara,Chukyo-M.M.A.-(Nagoya),0.6887915826361609
8000,Ankara,Haerbin,0.26863899737547187
8000,Ankara,Istanbul,0.996861604920632
8000,Ankara,Lagos,0.054813366307492964
8000,Ankara,Shenyang,0.9708227479104516
8000,Ankara,Tehran,0.28620581249205357
8000,Ankara,Tokyo,0.37540092707313105
8000,Baghdad,Abidjan,0.8659155431943538
8000,Baghdad,Al-Iskandariyah-(Alexandria),0.13460287764962678
8000,Baghdad,Al-Qahirah-(Cairo),0.5786130636255639
8000,Baghdad,Ankara,0.9256997349581061
8000,Baghdad,Chukyo-M.M.A.-(Nagoya),0.716310342356458
8000,Baghdad,Haerbin,0.38354930842371626
8000,Baghdad,Istanbul,0.5450049763877127
8000,Baghdad,Lagos,0.7735034109859174
8000,Baghdad,Shenyang,0.7006712207594445
8000,Baghdad,Tehran,0.645815055583582
8000,Baghdad,Tokyo,0.9481395901305412
8000,Chukyo-M.M.A.-(Nagoya),Abidjan,0.8946542106747573
8000,Chukyo-M.M.A.-(Nagoya),Al-Iskandariyah-(Alexandria),1.0363688440281769
8000,Chukyo-M.M.A.-(Nagoya),Al-Qahirah-(Cairo),0.5210330535152975
8000,Chukyo-M.M.A.-(Nagoya),Ankara,0.8746678592899332
8000,Chukyo-M.M.A.-(Nagoya),Baghdad,0.4117952464253645
8000,Chukyo-M.M.A.-(Nagoya),Haerbin,1.0068157754070484
8000,Chukyo-M.M.A.-(Nagoya),Istanbul,0.29871116329255554
8000,Chukyo-M.M.A.-(Nagoya),Lagos,0.007102524611971845
8000,Chukyo-M.M.A.-(Nagoya),Shenyang,0.5804735331263178
8000,Chukyo-M.M.A.-(Nagoya),Tehran,0.029895465592998764
8000,Chukyo-M.M.A.-(Nagoya),Tokyo,0.6421781971661426
8000,Haerbin,Abidjan,0.3203846746665827
8000,Haerbin,Al-Iskandariyah-(Alexandria),0.6398581223323935
8000,Haerbin,Al-Qahirah-(Cairo),0.3461737893143786
8000,Haerbin,Ankara,0.15156730590939466
8000,Haerbin,Baghdad,0.6643142759023959
8000,Haerbin,Chukyo-M.M.A.-(Nagoya),0.6415128411228352
8000,Haerbin,Istanbul,0.06165015962243426
8000,Haerbin,Lagos,0.0051120770075492716
8000,Haerbin,Shenyang,0.5875843318401345
8000,Haerbin,Tehran,0.14349183627151585
8000,Haerbin,Tokyo,0.7394933441509616
8000,Istanbul,Abidjan,0.8890689343937975
8000,Istanbul,Al-Iskandariyah-(Alexandria),0.28012952554685006
8000,Istanbul,Al-Qahirah-(Cairo),0.2470650595732746
8000,Istanbul,Ankara,0.9014887352100639
8000,Istanbul,Baghdad,0.31163231517730466
8000,Istanbul,Chukyo-M.M.A.-(Nagoya),0.4745742090750896
8000,Istanbul,Haerbin,0.4196288214452209
8000,Istanbul,Lagos,0.7303649818938549
8000,Istanbul,Shenyang,0.09547019139957268
8000,Istanbul,Tehran,0.6655852384946421
8000,Istanbul,Tokyo,0.4858000259170928
8000,Lagos,Abidjan,0.2970983081223602
8000,Lagos,Al-Iskandariyah-(Alexandria),0.03536895312877746
8000,Lagos,Al-Qahirah-(Cairo),0.49177680438658106
8000,Lagos,Ankara,0.5537330774487612
8000,Lagos,Baghdad,0.8550596203984991
8000,Lagos,Chukyo-M.M.A.-(Nagoya),0.04173867651326582
8000,Lagos,Haerbin,0.7367558144479673
8000,Lagos,Istanbul,0.9303746188657928
8000,Lagos,Shenyang,0.39006483666088115
8000,Lagos,Tehran,0.05879672325587978
8000,Lagos,Tokyo,0.20641137090031614
8000,Shenyang,Abidjan,0.9320677223689166
8000,Shenyang,Al-Iskandariyah-(Alexandria),0.5535189556229423
8000,Shenyang,Al-Qahirah-(Cairo),0.9355687828526714
8000,Shenyang,Ankara,1.061384833627198
8000,Shenyang,Baghdad,0.23180881625184033
8000,Shenyang,Chukyo-M.M.A.-(Nagoya),0.7317594473122818
8000,Shenyang,Haerbin,0.44514122426491265
8000,Shenyang,Istanbul,1.0621552154839888
8000,Shenyang,Lagos,0.2360093517689389
8000,Shenyang,Tehran,0.38372273955706343
8000,Shenyang,Tokyo,0.8504785067952725
8000,Tehran,Abidjan,0.15848836142168185
8000,Tehran,Al-Iskandariyah-(Alexandria),1.0602725940087165
8000,Tehran,Al-Qahirah-(Cairo),0.8703972577963561
8000,Tehran,Ankara,0.1738999332840629
8000,Tehran,Baghdad,0.42362432752024887
8000,Tehran,Chukyo-M.M.A.-(Nagoya),1.0720911475803188
8000,Tehran,Haerbin,0.3008279942829508
8000,Tehran,Istanbul,0.05609298857341467
8000,Tehran,Lagos,0.9977334351582557
8000,Tehran,Shenyang,0.5519767818253277
8000,Tehran,Tokyo,0.9355217129385593
8000,Tokyo,Abidjan,0.37317491276078263
8000,Tokyo,Al-Iskandariyah-(Alexandria),0.0667121473600681
8000,Tokyo,Al-Qahirah-(Cairo),0.3077383174805849
8000,Tokyo,Ankara,0.872856146485026
8000,Tokyo,Baghdad,0.9964847324813505
8000,Tokyo,Chukyo-M.M.A.-(Nagoya),0.5384056483750105
8000,Tokyo,Haerbin,0.5106781962398926
8000,Tokyo,Istanbul,0.15228219693502262
8000,Tokyo,Lagos,0.5763258179397429
8000,Tokyo,Shenyang,0.8838287275426904
8000,Tokyo,Tehran,0.6238422477710821
9000,Abidjan,Al-Iskandariyah-(Alexandria),0.8262976549487048
9000,Abidjan,Al-Qahirah-(Cairo),0.6325857263053424
9000,Abidjan,Ankara,0.8587902748422681
9000,Abidjan,Baghdad,1.0105836358015945
9000,Abidjan,Chukyo-M.M.A.-(Nagoya),1.0300127594830206
9000,Abidjan,Haerbin,0.9935479793416992
9000,Abidjan,Istanbul,0.813300521686532
9000,Abidjan,Lagos,0.8840488424752062
9000,Abidjan,Shenyang,0.9356479836882987
9000,Abidjan,Tehran,0.8545758886765171
9000,Abidjan,Tokyo,0.1423277871352627
9000,Al-Iskandariyah-(Alexandria),Abidjan,0.0838415144122677
9000,Al-Iskandariyah-(Alexandria),Al-Qahirah-(Cairo),0.887012618591557
9000,Al-Iskandariyah-(Alexandria),Ankara,0.9772914935611141
9000,Al-Iskandariyah-(Alexandria),Baghdad,0.5134024287064541
9000,Al-Iskandariyah-(Alexandria),Chukyo-M.M.A.-(Nagoya),0.7314640369776096
9000,Al-Iskandariyah-(Alexandria),Haerbin,0.31887436236942435
9000,Al-Iskandariyah-(Alexandria),Istanbul,0.10596609685694577
9000,Al-Iskandariyah-(Alexandria),Lagos,0.4501425046321039
9000,Al-Iskandariyah-(Alexandria),Shenyang,0.9643635346351692
9000,Al-Iskandariyah-(Alexandria),Tehran,0.7372895477801491
9000,Al-Iskandariyah-(Alexandria),Tokyo,0.4669061914364642
9000,Al-Qahirah-(Cairo),Abidjan,0.6610246416421206
9000,Al-Qahirah-(Cairo),Al-Iskandariyah-(Alexandria),0.9975549194431675
9000,Al-Qahirah-(Cairo),Ankara,0.1350097982587702
9000,Al-Qahirah-(Cairo),Baghdad,0.8747227762549563
9000,Al-Qahirah-(Cairo),Chukyo-M.M.A.-(Nagoya),0.7535809202010859
9000,Al-Qahirah-(Cairo),Haerbin,0.6472653059462968
9000,Al-Qahirah-(Cairo),Istanbul,0.5485891675818847
9000,Al-Qahirah-(Cairo),Lagos,0.514652824325063
9000,Al-Qahirah-(Cairo),Shenyang,0.6858416127455275
9000,Al-Qahirah-(Cairo),Tehran,0.2606836171687711
9000,Al-Qahirah-(Cairo),Tokyo,0.2400450634931336
9000,Ankara,Abidjan,0.5966847750621609
9000,Ankara,Al-Iskandariyah-(Alexandria),0.2527604973337141
9000,Ankara,Al-Qahirah-(Cairo),0.8935292524920555
9000,Ankara,Baghdad,0.6206004711169938
9000,Ankara,Chukyo-M.M.A.-(Nagoya),0.6477565489855378
9000,Ankara,Haerbin,0.5378324953159355
9000,Ankara,Istanbul,0.8682295288002284
9000,Ankara,Lagos,0.7155970826349746
9000,Ankara,Shenyang,0.8306664319635502
9000,Ankara,Tehran,0.6841825669162659
9000,Ankara,Tokyo,0.3022794915813954
9000,Baghdad,Abidjan,0.8685533902566801
9000,Baghdad,Al-Iskandariyah-(Alexandria),0.9289710281336654
9000,Baghdad,Al-Qahirah-(Cairo),0.3073385290179054
9000,Baghdad,Ankara,0.8656407730850088
9000,Baghdad,Chukyo-M.M.A.-(Nagoya),0.3002501442482486
9000,Baghdad,Haerbin,0.39014934801177276
9000,Baghdad,Istanbul,0.014026848060889545
9000,Baghdad,Lagos,0.4658587379363834
9000,Baghdad,Shenyang,0.47003744351246096
9000,Baghdad,Tehran,0.03444503465870459
9000,Baghdad,Tokyo,0.5090504727275329
9000,Chukyo-M.M.A.-(Nagoya),Abidjan,0.6923235298137954
9000,Chukyo-M.M.A.-(Nagoya),Al-Iskandariyah-(Alexandria),0.2851834784779698
9000,Chukyo-M.M.A.-(Nagoya),Al-Qahirah-(Cairo),0.5722991217275166
9000,Chukyo-M.M.A.-(Nagoya),Ankara,0.30420978151934736
9000,Chukyo-M.M.A.-(Nagoya),Baghdad,0.3334156952976661
9000,Chukyo-M.M.A.-(Nagoya),Haerbin,1.012695318414782
9000,Chukyo-M.M.A.-(Nagoya),Istanbul,0.9108850186806253
9000,Chukyo-M.M.A.-(Nagoya),Lagos,0.2744640591433666
9000,Chukyo-M.M.A.-(Nagoya),Shenyang,0.9213676256079377
9000,Chukyo-M.M.A.-(Nagoya),Tehran,0.3250468081852176
9000,Chukyo-M.M.A.-(Nagoya),Tokyo,0.03338687149275486
9000,Haerbin,Abidjan,0.7346325649180379
9000,Haerbin,Al-Iskandariyah-(Alexandria),0.25769303730780446
9000,Haerbin,Al-Qahirah-(Cairo),0.5669678411328265
9000,Haerbin,Ankara,0.4563465108891612
9000,Haerbin,Baghdad,0.26519195532100875
9000,Haerbin,Chukyo-M.M.A.-(Nagoya),0.22314017851744405
9000,Haerbin,Istanbul,0.48079421796092187
9000,Haerbin,Lagos,0.47101714415725593
9000,Haerbin,Shenyang,0.11460421463871666
9000,Haerbin,Tehran,0.5259538510120911
9000,Haerbin,Tokyo,0.3505783581550886
9000,Istanbul,Abidjan,0.8639401244583167
9000,Istanbul,Al-Iskandariyah-(Alexandria),0.9942047828042203
9000,Istanbul,Al-Qahirah-(Cairo),1.0181697089685822
9000,Istanbul,Ankara,0.5393920062882848
9000,Istanbul,Baghdad,0.5478105725942771
9000,Istanbul,Chukyo-M.M.A.-(Nagoya),1.0430339945288563
9000,Istanbul,Haerbin,0.45399502629617106
9000,Istanbul,Lagos,0.3097036707858147
9000,Istanbul,Shenyang,0.7890721798462571
9000,Istanbul,Tehran,0.7851442216917891
9000,Istanbul,Tokyo,1.0082747531935707
9000,Lagos,Abidjan,0.7743590975931997
9000,Lagos,Al-Iskandariyah-(Alexandria),0.5904209144132286
9000,Lagos,Al-Qahirah-(Cairo),1.0108253755099035
9000,Lagos,Ankara,0.9243733976147205
9000,Lagos,Baghdad,0.03582936052683177
9000,Lagos,Chukyo-M.M.A.-(Nagoya),0.5176137800134939
9000,Lagos,Haerbin,1.0163330722535067
9000,Lagos,Istanbul,0.011649079087515687
9000,Lagos,Shenyang,0.5824369707309378
9000,Lagos,Tehran,1.085286551680586
9000,Lagos,Tokyo,0.576922004273281
9000,Shenyang,Abidjan,0.8306698225562179
9000,Shenyang,Al-Iskandariyah-(Alexandria),0.753957536461817
9000,Shenyang,Al-Qahirah-(Cairo),0.18725293518689418
9000,Shenyang,Ankara,1.0650383749202956
9000,Shenyang,Baghdad,0.17503896400618332
9000,Shenyang,Chukyo-M.M.A.-(Nagoya),0.6319274741111683
9000,Shenyang,Haerbin,0.6720065785489209
9000,Shenyang,Istanbul,0.4447723988786944
9000,Shenyang,Lagos,1.053095691582615
9000,Shenyang,Tehran,0.6945746018528272
9000,Shenyang,Tokyo,0.36129956979725586
9000,Tehran,Abidjan,0.7874628768131029
9000,Tehran,Al-Iskandariyah-(Alexandria),0.6480842010483615
9000,Tehran,Al-Qahirah-(Cairo),0.8560513887159823
9000,Tehran,Ankara,0.16987979673276446
9000,Tehran,Baghdad,0.7872638358528214
9000,Tehran,Chukyo-M.M.A.-(Nagoya),0.5160908205433345
9000,Tehran,Haerbin,0.426254391212974
9000,Tehran,Istanbul,0.706279037469633
9000,Tehran,Lagos,0.00992100615614114
9000,Tehran,Shenyang,0.8986938104797184
9000,Tehran,Tokyo,0.3723722188547499
9000,Tokyo,Abidjan,0.43431923825965385
9000,Tokyo,Al-Iskandariyah-(Alexandria),0.40357686649195373
9000,Tokyo,Al-Qahirah-(Cairo),0.8051545671138755
9000,Tokyo,Ankara,0.8439224300648327
9000,Tokyo,Baghdad,0.4069963922916721
9000,Tokyo,Chukyo-M.M.A.-(Nagoya),0.09375093326025888
9000,Tokyo,Haerbin,0.7296538689373705
9000,Tokyo,Istanbul,0.4637279221873913
9000,Tokyo,Lagos,0.632409930837022
9000,Tokyo,Shenyang,0.10239762088151363
9000,Tokyo,Tehran,0.8105236780139273
